{
    "pilot": ["ham", "rus", "ver", "per", "lec", "sai", "dev", "tsu", "pia", "nor", "oco", "gas", "alo", "str", "sar", "alb", "bot", "zho", "mag", "hul", "ham", "rus", "ver", "per", "lec", "sai", "dev", "tsu", "pia", "nor", "oco", "gas", "alo", "str", "sar", "alb", "bot", "zho", "mag", "hul"],
    "team": ["mercedes", "mercedes", "redbull", "redbull", "ferrari", "ferrari", "alphatauri", "alphatauri", "mclaren", "mclaren", "alpine", "alpine", "astonmartin", "astonmartin", "williams", "williams", "alfaromeo", "alfaromeo", "haas", "haas", "mercedes", "mercedes", "redbull", "redbull", "ferrari", "ferrari", "alphatauri", "alphatauri", "mclaren", "mclaren", "alpine", "alpine", "astonmartin", "astonmartin", "williams", "williams", "alfaromeo", "alfaromeo", "haas", "haas"],
    "lap": [1, 1, 1, 1, 1, 1, 1, 1, 1, 1, 1, 1, 1, 1, 1, 1, 1, 1, 1, 1, 2, 2, 2, 2, 2, 2, 2, 2, 2, 2, 2, 2, 2, 2, 2, 2, 2, 2, 2, 2],
    "time": [89.2936058467972, 90.67356067040168, 90.70266965768704, 89.06189174409153, 90.28654959842137, 89.68090279059307, 90.88758654825615, 90.4715095896841, 90.83015289124363, 90.5257791262947, 90.36868279257816, 89.59719177336635, 90.42470780123965, 89.47270551091812, 89.5096163213985, 89.42041288258105, 89.29245859031316, 89.71019646324655, 89.07582072134713, 89.45865824698342, 89.22650333948755, 90.47339169969487, 89.11551398051624, 90.80033586585654, 90.79320727353058, 89.42318239992817, 89.97330632236465, 90.50283389218559, 89.36741431904618, 89.12207822406297, 90.91311030541632, 90.36698224177331, 89.6160960446849, 89.78482388490698, 89.84978775559875, 89.79016478573769, 89.73205369239416, 89.93375929358714, 89.11410971584597, 90.28089825603222],
    "position": [1, 2, 3, 4, 5, 6, 7, 8, 9, 10, 11, 12, 13, 14, 15, 16, 17, 18, 19, 20, 1, 3, 2, 5, 4, 6, 7, 8, 10, 9, 11, 13, 14, 15, 12, 16, 17, 18, 19, 20]
}